Workbook

Sheet Project

Sheet SDS Dashboard
A1: BIOCOMPATIBILITY SCREENING — DASHBOARD
A2: # | B2: SDS ID | C2: Product Name | D2: Supplier | E2: SDS Date | F2: ALERT LEVEL | G2: Alert Justification (summary) | H2: Analysis Date | I2: Analyst | J2: Row Status
A3: =ROW()-2 -> 1 | B3: ='SDS Analysis'!$A3 -> 0 | C3: ='SDS Analysis'!$B3 -> 0 | D3: ='SDS Analysis'!$C3 -> 0 | E3: ='SDS Analysis'!$D3 -> 0 | F3: ='SDS Analysis'!$AE3 -> 0 | G3: ='SDS Analysis'!$AC3 & IF('SDS Analysis'!$AD3<>"", CHAR(10) & CHAR(10) & "Toxicologist comment: " & 'SDS Analysis'!$AD3, "") | H3: ='SDS Analysis'!$AF3 -> 0 | I3: ='SDS Analysis'!$AG3 -> 0 | J3: ='SDS Analysis'!$AH3 -> 0
A4: =ROW()-2 -> 2 | B4: ='SDS Analysis'!#REF! -> #REF! | C4: ='SDS Analysis'!#REF! -> #REF! | D4: ='SDS Analysis'!#REF! -> #REF! | E4: ='SDS Analysis'!#REF! -> #REF! | F4: ='SDS Analysis'!#REF! -> #REF! | G4: ='SDS Analysis'!#REF! & IF('SDS Analysis'!#REF!<>"", CHAR(10) & CHAR(10) & "Toxicologist comment: " & 'SDS Analysis'!#REF!, "") -> #REF! | H4: ='SDS Analysis'!#REF! -> #REF! | I4: ='SDS Analysis'!#REF! -> #REF! | J4: ='SDS Analysis'!#REF! -> #REF!
A5: =ROW()-2 -> 3 | B5: ='SDS Analysis'!#REF! -> #REF! | C5: ='SDS Analysis'!#REF! -> #REF! | D5: ='SDS Analysis'!#REF! -> #REF! | E5: ='SDS Analysis'!#REF! -> #REF! | F5: ='SDS Analysis'!#REF! -> #REF! | G5: ='SDS Analysis'!#REF! & IF('SDS Analysis'!#REF!<>"", CHAR(10) & CHAR(10) & "Toxicologist comment: " & 'SDS Analysis'!#REF!, "") -> #REF! | H5: ='SDS Analysis'!#REF! -> #REF! | I5: ='SDS Analysis'!#REF! -> #REF! | J5: ='SDS Analysis'!#REF! -> #REF!
A6: =ROW()-2 -> 4 | B6: ='SDS Analysis'!#REF! -> #REF! | C6: ='SDS Analysis'!#REF! -> #REF! | D6: ='SDS Analysis'!#REF! -> #REF! | E6: ='SDS Analysis'!#REF! -> #REF! | F6: ='SDS Analysis'!#REF! -> #REF! | G6: ='SDS Analysis'!#REF! & IF('SDS Analysis'!#REF!<>"", CHAR(10) & CHAR(10) & "Toxicologist comment: " & 'SDS Analysis'!#REF!, "") -> #REF! | H6: ='SDS Analysis'!#REF! -> #REF! | I6: ='SDS Analysis'!#REF! -> #REF! | J6: ='SDS Analysis'!#REF! -> #REF!
A7: =ROW()-2 -> 5 | B7: ='SDS Analysis'!#REF! -> #REF! | C7: ='SDS Analysis'!#REF! -> #REF! | D7: ='SDS Analysis'!#REF! -> #REF! | E7: ='SDS Analysis'!#REF! -> #REF! | F7: ='SDS Analysis'!#REF! -> #REF! | G7: ='SDS Analysis'!#REF! & IF('SDS Analysis'!#REF!<>"", CHAR(10) & CHAR(10) & "Toxicologist comment: " & 'SDS Analysis'!#REF!, "") -> #REF! | H7: ='SDS Analysis'!#REF! -> #REF! | I7: ='SDS Analysis'!#REF! -> #REF! | J7: ='SDS Analysis'!#REF! -> #REF!
A8: =ROW()-2 -> 6 | B8: ='SDS Analysis'!#REF! -> #REF! | C8: ='SDS Analysis'!#REF! -> #REF! | D8: ='SDS Analysis'!#REF! -> #REF! | E8: ='SDS Analysis'!#REF! -> #REF! | F8: ='SDS Analysis'!#REF! -> #REF! | G8: ='SDS Analysis'!#REF! & IF('SDS Analysis'!#REF!<>"", CHAR(10) & CHAR(10) & "Toxicologist comment: " & 'SDS Analysis'!#REF!, "") -> #REF! | H8: ='SDS Analysis'!#REF! -> #REF! | I8: ='SDS Analysis'!#REF! -> #REF! | J8: ='SDS Analysis'!#REF! -> #REF!
A9: =ROW()-2 -> 7 | B9: ='SDS Analysis'!#REF! -> #REF! | C9: ='SDS Analysis'!#REF! -> #REF! | D9: ='SDS Analysis'!#REF! -> #REF! | E9: ='SDS Analysis'!#REF! -> #REF! | F9: ='SDS Analysis'!#REF! -> #REF! | G9: ='SDS Analysis'!#REF! & IF('SDS Analysis'!#REF!<>"", CHAR(10) & CHAR(10) & "Toxicologist comment: " & 'SDS Analysis'!#REF!, "") -> #REF! | H9: ='SDS Analysis'!#REF! -> #REF! | I9: ='SDS Analysis'!#REF! -> #REF! | J9: ='SDS Analysis'!#REF! -> #REF!
A10: =ROW()-2 -> 8 | B10: ='SDS Analysis'!#REF! -> #REF! | C10: ='SDS Analysis'!#REF! -> #REF! | D10: ='SDS Analysis'!#REF! -> #REF! | E10: ='SDS Analysis'!#REF! -> #REF! | F10: ='SDS Analysis'!#REF! -> #REF! | G10: ='SDS Analysis'!#REF! & IF('SDS Analysis'!#REF!<>"", CHAR(10) & CHAR(10) & "Toxicologist comment: " & 'SDS Analysis'!#REF!, "") -> #REF! | H10: ='SDS Analysis'!#REF! -> #REF! | I10: ='SDS Analysis'!#REF! -> #REF! | J10: ='SDS Analysis'!#REF! -> #REF!
A11: =ROW()-2 -> 9 | B11: ='SDS Analysis'!#REF! -> #REF! | C11: ='SDS Analysis'!#REF! -> #REF! | D11: ='SDS Analysis'!#REF! -> #REF! | E11: ='SDS Analysis'!#REF! -> #REF! | F11: ='SDS Analysis'!#REF! -> #REF! | G11: ='SDS Analysis'!#REF! & IF('SDS Analysis'!#REF!<>"", CHAR(10) & CHAR(10) & "Toxicologist comment: " & 'SDS Analysis'!#REF!, "") -> #REF! | H11: ='SDS Analysis'!#REF! -> #REF! | I11: ='SDS Analysis'!#REF! -> #REF! | J11: ='SDS Analysis'!#REF! -> #REF!
A12: =ROW()-2 -> 10 | B12: ='SDS Analysis'!#REF! -> #REF! | C12: ='SDS Analysis'!#REF! -> #REF! | D12: ='SDS Analysis'!#REF! -> #REF! | E12: ='SDS Analysis'!#REF! -> #REF! | F12: ='SDS Analysis'!#REF! -> #REF! | G12: ='SDS Analysis'!#REF! & IF('SDS Analysis'!#REF!<>"", CHAR(10) & CHAR(10) & "Toxicologist comment: " & 'SDS Analysis'!#REF!, "") -> #REF! | H12: ='SDS Analysis'!#REF! -> #REF! | I12: ='SDS Analysis'!#REF! -> #REF! | J12: ='SDS Analysis'!#REF! -> #REF!
A13: =ROW()-2 -> 11 | B13: ='SDS Analysis'!#REF! -> #REF! | C13: ='SDS Analysis'!#REF! -> #REF! | D13: ='SDS Analysis'!#REF! -> #REF! | E13: ='SDS Analysis'!#REF! -> #REF! | F13: ='SDS Analysis'!#REF! -> #REF! | G13: ='SDS Analysis'!#REF! & IF('SDS Analysis'!#REF!<>"", CHAR(10) & CHAR(10) & "Toxicologist comment: " & 'SDS Analysis'!#REF!, "") -> #REF! | H13: ='SDS Analysis'!#REF! -> #REF! | I13: ='SDS Analysis'!#REF! -> #REF! | J13: ='SDS Analysis'!#REF! -> #REF!
A14: =ROW()-2 -> 12 | B14: ='SDS Analysis'!#REF! -> #REF! | C14: ='SDS Analysis'!#REF! -> #REF! | D14: ='SDS Analysis'!#REF! -> #REF! | E14: ='SDS Analysis'!#REF! -> #REF! | F14: ='SDS Analysis'!#REF! -> #REF! | G14: ='SDS Analysis'!#REF! & IF('SDS Analysis'!#REF!<>"", CHAR(10) & CHAR(10) & "Toxicologist comment: " & 'SDS Analysis'!#REF!, "") -> #REF! | H14: ='SDS Analysis'!#REF! -> #REF! | I14: ='SDS Analysis'!#REF! -> #REF! | J14: ='SDS Analysis'!#REF! -> #REF!
A15: =ROW()-2 -> 13 | B15: ='SDS Analysis'!#REF! -> #REF! | C15: ='SDS Analysis'!#REF! -> #REF! | D15: ='SDS Analysis'!#REF! -> #REF! | E15: ='SDS Analysis'!#REF! -> #REF! | F15: ='SDS Analysis'!#REF! -> #REF! | G15: ='SDS Analysis'!#REF! & IF('SDS Analysis'!#REF!<>"", CHAR(10) & CHAR(10) & "Toxicologist comment: " & 'SDS Analysis'!#REF!, "") -> #REF! | H15: ='SDS Analysis'!#REF! -> #REF! | I15: ='SDS Analysis'!#REF! -> #REF! | J15: ='SDS Analysis'!#REF! -> #REF!
... A25: =ROW()-2 -> 23 | B25: ='SDS Analysis'!#REF! -> #REF! | C25: ='SDS Analysis'!#REF! -> #REF! | D25: ='SDS Analysis'!#REF! -> #REF! | E25: ='SDS Analysis'!#REF! -> #REF! | F25: ='SDS Analysis'!#REF! -> #REF! | G25: ='SDS Analysis'!#REF! & IF('SDS Analysis'!#REF!<>"", CHAR(10) & CHAR(10) & "Toxicologist comment: " & 'SDS Analysis'!#REF!, "") -> #REF! | H25: ='SDS Analysis'!#REF! -> #REF! | I25: ='SDS Analysis'!#REF! -> #REF! | J25: ='SDS Analysis'!#REF! -> #REF!

Sheet SDS Analysis
A1: IDENTIFICATION | E1: COMPOSITION | F1: BIOLOGICAL EFFECTS — ISO 10993-1:2025 | W1: REGULATORY COMPLIANCE | AB1: CONCLUSIONS | AF1: ADMIN
A2: SDS ID | B2: Product Name | C2: Supplier | D2: SDS Date | E2: Composition (declared §3 + substances for information) | F2: Cytotoxicity | G2: Sensitisation | H2: Skin irritation / Intracutaneous reactivity | I2: Eye irritation | J2: Acute systemic toxicity | K2: Sub-acute / Sub-chronic toxicity | L2: Chronic toxicity / Repeated dose | M2: Genotoxicity / Mutagenicity | N2: Carcinogenicity | O2: Reproductive / Developmental toxicity | P2: Endocrine disruption | Q2: Bioaccumulation | R2: Haemocompatibility | S2: Pyrogenicity (material-mediated) | T2: Implantation | U2: Immune responses / Immunotoxicity | V2: Other biological effects | W2: CMR regulatory status | X2: Azo dyes / Aromatic amines | Y2: Formaldehyde | Z2: Heavy metals | AA2: REACH / SVHC compliance | AB2: ALERT LEVEL | AC2: Alert Justification | AD2: Toxicologist Comment | AE2: CORRECTED ALERT LEVEL (based on toxicologist input and specific context) | AF2: Analysis Date | AG2: Analyst | AH2: Row Status
